Link,Date
https://support.f5.com/csp/article/K54308152?utm_source=f5support&utm_medium=RSS,"Tue, 03 Aug 2021 21:05:00 +0000"
https://support.f5.com/csp/article/K50642058?utm_source=f5support&utm_medium=RSS,"Tue, 03 Aug 2021 00:43:00 +0000"
https://support.f5.com/csp/article/K75133288?utm_source=f5support&utm_medium=RSS,"Tue, 03 Aug 2021 00:37:00 +0000"
https://support.f5.com/csp/article/K23180157?utm_source=f5support&utm_medium=RSS,"Mon, 02 Aug 2021 16:24:00 +0000"
https://support.f5.com/csp/article/K87895241?utm_source=f5support&utm_medium=RSS,"Thu, 29 Jul 2021 00:13:00 +0000"
https://support.f5.com/csp/article/K35033051?utm_source=f5support&utm_medium=RSS,"Wed, 28 Jul 2021 21:02:00 +0000"
https://support.f5.com/csp/article/K52494142?utm_source=f5support&utm_medium=RSS,"Wed, 28 Jul 2021 00:28:00 +0000"
https://support.f5.com/csp/article/K32412075?utm_source=f5support&utm_medium=RSS,"Fri, 23 Jul 2021 19:01:00 +0000"
https://support.f5.com/csp/article/K50133242?utm_source=f5support&utm_medium=RSS,"Fri, 23 Jul 2021 17:40:00 +0000"
https://support.f5.com/csp/article/K96223611?utm_source=f5support&utm_medium=RSS,"Fri, 23 Jul 2021 00:16:00 +0000"
https://support.f5.com/csp/article/K75540265?utm_source=f5support&utm_medium=RSS,"Thu, 22 Jul 2021 03:46:00 +0000"
https://support.f5.com/csp/article/K11426315?utm_source=f5support&utm_medium=RSS,"Thu, 22 Jul 2021 02:49:00 +0000"
https://support.f5.com/csp/article/K74151369?utm_source=f5support&utm_medium=RSS,"Thu, 22 Jul 2021 02:46:00 +0000"
https://support.f5.com/csp/article/K33757590?utm_source=f5support&utm_medium=RSS,"Tue, 20 Jul 2021 09:06:00 +0000"
https://support.f5.com/csp/article/K08503505?utm_source=f5support&utm_medium=RSS,"Tue, 20 Jul 2021 09:02:00 +0000"
https://support.f5.com/csp/article/K94133434?utm_source=f5support&utm_medium=RSS,"Fri, 16 Jul 2021 15:26:00 +0000"
https://support.f5.com/csp/article/K45452200?utm_source=f5support&utm_medium=RSS,"Wed, 14 Jul 2021 06:20:00 +0000"
https://support.f5.com/csp/article/K71249196?utm_source=f5support&utm_medium=RSS,"Wed, 14 Jul 2021 06:18:00 +0000"
https://support.f5.com/csp/article/K41410307?utm_source=f5support&utm_medium=RSS,"Wed, 14 Jul 2021 06:05:00 +0000"
https://support.f5.com/csp/article/K91414704?utm_source=f5support&utm_medium=RSS,"Tue, 13 Jul 2021 10:06:00 +0000"
https://support.f5.com/csp/article/K36212405?utm_source=f5support&utm_medium=RSS,"Tue, 13 Jul 2021 02:37:00 +0000"
https://support.f5.com/csp/article/K08641512?utm_source=f5support&utm_medium=RSS,"Tue, 13 Jul 2021 01:14:00 +0000"
https://support.f5.com/csp/article/K75885190?utm_source=f5support&utm_medium=RSS,"Mon, 12 Jul 2021 05:28:00 +0000"
https://support.f5.com/csp/article/K33820305?utm_source=f5support&utm_medium=RSS,"Mon, 12 Jul 2021 02:21:00 +0000"
https://support.f5.com/csp/article/K89941125?utm_source=f5support&utm_medium=RSS,"Fri, 09 Jul 2021 22:19:00 +0000"
https://support.f5.com/csp/article/K13815051?utm_source=f5support&utm_medium=RSS,"Fri, 09 Jul 2021 00:58:00 +0000"
https://support.f5.com/csp/article/K68146245?utm_source=f5support&utm_medium=RSS,"Thu, 08 Jul 2021 16:47:00 +0000"
https://support.f5.com/csp/article/K07944249?utm_source=f5support&utm_medium=RSS,"Thu, 08 Jul 2021 06:44:00 +0000"
https://support.f5.com/csp/article/K71891773?utm_source=f5support&utm_medium=RSS,"Thu, 08 Jul 2021 06:36:00 +0000"
https://support.f5.com/csp/article/K52510511?utm_source=f5support&utm_medium=RSS,"Thu, 08 Jul 2021 06:34:00 +0000"
https://support.f5.com/csp/article/K23203045?utm_source=f5support&utm_medium=RSS,"Thu, 08 Jul 2021 06:28:00 +0000"
https://support.f5.com/csp/article/K56142644?utm_source=f5support&utm_medium=RSS,"Thu, 08 Jul 2021 06:25:00 +0000"
https://support.f5.com/csp/article/K29282483?utm_source=f5support&utm_medium=RSS,"Thu, 08 Jul 2021 05:55:00 +0000"
https://support.f5.com/csp/article/K90603426?utm_source=f5support&utm_medium=RSS,"Thu, 08 Jul 2021 05:44:00 +0000"
https://support.f5.com/csp/article/K18570111?utm_source=f5support&utm_medium=RSS,"Thu, 08 Jul 2021 05:30:00 +0000"
https://support.f5.com/csp/article/K32049501?utm_source=f5support&utm_medium=RSS,"Thu, 08 Jul 2021 04:20:00 +0000"
https://support.f5.com/csp/article/K55237223?utm_source=f5support&utm_medium=RSS,"Thu, 08 Jul 2021 04:14:00 +0000"
https://support.f5.com/csp/article/K88230177?utm_source=f5support&utm_medium=RSS,"Thu, 08 Jul 2021 04:09:00 +0000"
https://support.f5.com/csp/article/K31025212?utm_source=f5support&utm_medium=RSS,"Thu, 08 Jul 2021 04:03:00 +0000"
https://support.f5.com/csp/article/K43470422?utm_source=f5support&utm_medium=RSS,"Thu, 08 Jul 2021 03:50:00 +0000"
https://support.f5.com/csp/article/K04234247?utm_source=f5support&utm_medium=RSS,"Thu, 08 Jul 2021 03:45:00 +0000"
https://support.f5.com/csp/article/K56715231?utm_source=f5support&utm_medium=RSS,"Thu, 08 Jul 2021 02:56:00 +0000"
https://support.f5.com/csp/article/K06440657?utm_source=f5support&utm_medium=RSS,"Thu, 08 Jul 2021 02:31:00 +0000"
https://support.f5.com/csp/article/K10751325?utm_source=f5support&utm_medium=RSS,"Thu, 08 Jul 2021 01:43:00 +0000"
https://support.f5.com/csp/article/K65213626?utm_source=f5support&utm_medium=RSS,"Thu, 08 Jul 2021 01:29:00 +0000"
https://support.f5.com/csp/article/K25893729?utm_source=f5support&utm_medium=RSS,"Tue, 06 Jul 2021 12:11:00 +0000"
https://support.f5.com/csp/article/K96003129?utm_source=f5support&utm_medium=RSS,"Thu, 01 Jul 2021 01:48:00 +0000"
https://support.f5.com/csp/article/K32562936?utm_source=f5support&utm_medium=RSS,"Thu, 01 Jul 2021 01:45:00 +0000"
https://support.f5.com/csp/article/K06024431?utm_source=f5support&utm_medium=RSS,"Thu, 01 Jul 2021 01:41:00 +0000"
https://support.f5.com/csp/article/K00843201?utm_source=f5support&utm_medium=RSS,"Thu, 01 Jul 2021 01:38:00 +0000"
https://support.f5.com/csp/article/K94504224?utm_source=f5support&utm_medium=RSS,"Tue, 29 Jun 2021 03:36:00 +0000"
https://support.f5.com/csp/article/K63597327?utm_source=f5support&utm_medium=RSS,"Fri, 25 Jun 2021 16:48:00 +0000"
https://support.f5.com/csp/article/K38453823?utm_source=f5support&utm_medium=RSS,"Wed, 23 Jun 2021 02:23:00 +0000"
https://support.f5.com/csp/article/K72118410?utm_source=f5support&utm_medium=RSS,"Fri, 18 Jun 2021 04:48:00 +0000"
https://support.f5.com/csp/article/K33101555?utm_source=f5support&utm_medium=RSS,"Tue, 08 Jun 2021 18:41:00 +0000"
https://support.f5.com/csp/article/K02151228?utm_source=f5support&utm_medium=RSS,"Mon, 07 Jun 2021 01:06:00 +0000"
https://support.f5.com/csp/article/K46604804?utm_source=f5support&utm_medium=RSS,"Mon, 07 Jun 2021 01:00:00 +0000"
https://support.f5.com/csp/article/K54635192?utm_source=f5support&utm_medium=RSS,"Fri, 04 Jun 2021 11:39:00 +0000"
https://support.f5.com/csp/article/K14102355?utm_source=f5support&utm_medium=RSS,"Thu, 03 Jun 2021 06:19:00 +0000"
https://support.f5.com/csp/article/K67501282?utm_source=f5support&utm_medium=RSS,"Tue, 01 Jun 2021 20:22:00 +0000"
https://support.f5.com/csp/article/K78284681?utm_source=f5support&utm_medium=RSS,"Tue, 01 Jun 2021 16:23:00 +0000"
https://support.f5.com/csp/article/K03251240?utm_source=f5support&utm_medium=RSS,"Tue, 01 Jun 2021 08:45:00 +0000"
https://support.f5.com/csp/article/K12331123?utm_source=f5support&utm_medium=RSS,"Tue, 25 May 2021 16:05:00 +0000"
https://support.f5.com/csp/article/K36926027?utm_source=f5support&utm_medium=RSS,"Tue, 25 May 2021 15:00:00 +0000"
https://support.f5.com/csp/article/K45263486?utm_source=f5support&utm_medium=RSS,"Tue, 25 May 2021 14:56:00 +0000"
https://support.f5.com/csp/article/K04884013?utm_source=f5support&utm_medium=RSS,"Tue, 25 May 2021 14:47:00 +0000"
https://support.f5.com/csp/article/K19443402?utm_source=f5support&utm_medium=RSS,"Wed, 19 May 2021 13:02:00 +0000"
https://support.f5.com/csp/article/K42910051?utm_source=f5support&utm_medium=RSS,"Tue, 18 May 2021 23:03:00 +0000"
https://support.f5.com/csp/article/K52525232?utm_source=f5support&utm_medium=RSS,"Tue, 18 May 2021 17:31:00 +0000"
https://support.f5.com/csp/article/K36984830?utm_source=f5support&utm_medium=RSS,"Tue, 18 May 2021 16:19:00 +0000"
https://support.f5.com/csp/article/K10429441?utm_source=f5support&utm_medium=RSS,"Mon, 17 May 2021 20:16:00 +0000"
https://support.f5.com/csp/article/K34074377?utm_source=f5support&utm_medium=RSS,"Tue, 11 May 2021 19:27:00 +0000"
https://support.f5.com/csp/article/K16352404?utm_source=f5support&utm_medium=RSS,"Tue, 11 May 2021 19:26:00 +0000"
https://support.f5.com/csp/article/K13155201?utm_source=f5support&utm_medium=RSS,"Tue, 11 May 2021 19:25:00 +0000"
https://support.f5.com/csp/article/K02186513?utm_source=f5support&utm_medium=RSS,"Mon, 10 May 2021 13:24:00 +0000"
https://support.f5.com/csp/article/K47306214?utm_source=f5support&utm_medium=RSS,"Tue, 04 May 2021 19:04:00 +0000"
https://support.f5.com/csp/article/K16213320?utm_source=f5support&utm_medium=RSS,"Wed, 28 Apr 2021 16:46:00 +0000"
https://support.f5.com/csp/article/K96639388?utm_source=f5support&utm_medium=RSS,"Wed, 28 Apr 2021 16:30:00 +0000"
https://support.f5.com/csp/article/K03544414?utm_source=f5support&utm_medium=RSS,"Wed, 28 Apr 2021 15:37:00 +0000"
https://support.f5.com/csp/article/K44318398?utm_source=f5support&utm_medium=RSS,"Fri, 23 Apr 2021 21:21:00 +0000"
https://support.f5.com/csp/article/K33846344?utm_source=f5support&utm_medium=RSS,"Fri, 23 Apr 2021 15:37:00 +0000"
https://support.f5.com/csp/article/K01074825?utm_source=f5support&utm_medium=RSS,"Fri, 16 Apr 2021 17:58:00 +0000"
https://support.f5.com/csp/article/K11542555?utm_source=f5support&utm_medium=RSS,"Fri, 16 Apr 2021 16:02:00 +0000"
https://support.f5.com/csp/article/K13290208?utm_source=f5support&utm_medium=RSS,"Fri, 16 Apr 2021 04:43:00 +0000"
https://support.f5.com/csp/article/K61267093?utm_source=f5support&utm_medium=RSS,"Fri, 16 Apr 2021 03:45:00 +0000"
https://support.f5.com/csp/article/K13351036?utm_source=f5support&utm_medium=RSS,"Thu, 15 Apr 2021 19:55:00 +0000"
https://support.f5.com/csp/article/K14756743?utm_source=f5support&utm_medium=RSS,"Thu, 15 Apr 2021 18:09:00 +0000"
https://support.f5.com/csp/article/K16729408?utm_source=f5support&utm_medium=RSS,"Mon, 12 Apr 2021 18:20:00 +0000"
https://support.f5.com/csp/article/K87235248?utm_source=f5support&utm_medium=RSS,"Mon, 12 Apr 2021 13:13:00 +0000"
https://support.f5.com/csp/article/K26555255?utm_source=f5support&utm_medium=RSS,"Fri, 09 Apr 2021 06:16:00 +0000"
https://support.f5.com/csp/article/K58523450?utm_source=f5support&utm_medium=RSS,"Wed, 07 Apr 2021 09:01:00 +0000"
https://support.f5.com/csp/article/K42745412?utm_source=f5support&utm_medium=RSS,"Tue, 06 Apr 2021 14:59:00 +0000"
https://support.f5.com/csp/article/K93951507?utm_source=f5support&utm_medium=RSS,"Tue, 06 Apr 2021 00:02:00 +0000"
https://support.f5.com/csp/article/K25521404?utm_source=f5support&utm_medium=RSS,"Mon, 05 Apr 2021 23:53:00 +0000"
https://support.f5.com/csp/article/K65234135?utm_source=f5support&utm_medium=RSS,"Fri, 02 Apr 2021 02:14:00 +0000"
https://support.f5.com/csp/article/K52171694?utm_source=f5support&utm_medium=RSS,"Wed, 31 Mar 2021 20:47:00 +0000"
https://support.f5.com/csp/article/K98221124?utm_source=f5support&utm_medium=RSS,"Tue, 30 Mar 2021 15:59:00 +0000"
https://support.f5.com/csp/article/K02931614?utm_source=f5support&utm_medium=RSS,"Tue, 30 Mar 2021 03:26:00 +0000"
https://support.f5.com/csp/article/K13591074?utm_source=f5support&utm_medium=RSS,"Mon, 29 Mar 2021 17:19:00 +0000"
https://support.f5.com/csp/article/K61903372?utm_source=f5support&utm_medium=RSS,"Mon, 29 Mar 2021 17:09:00 +0000"
https://support.f5.com/csp/article/K95453343?utm_source=f5support&utm_medium=RSS,"Fri, 26 Mar 2021 06:13:00 +0000"
https://support.f5.com/csp/article/K62103028?utm_source=f5support&utm_medium=RSS,"Fri, 26 Mar 2021 06:12:00 +0000"
https://support.f5.com/csp/article/K85738358?utm_source=f5support&utm_medium=RSS,"Thu, 25 Mar 2021 17:27:00 +0000"
https://support.f5.com/csp/article/K91610944?utm_source=f5support&utm_medium=RSS,"Thu, 25 Mar 2021 16:50:00 +0000"
https://support.f5.com/csp/article/K37283878?utm_source=f5support&utm_medium=RSS,"Wed, 24 Mar 2021 14:38:00 +0000"
https://support.f5.com/csp/article/K31445234?utm_source=f5support&utm_medium=RSS,"Wed, 24 Mar 2021 14:37:00 +0000"
https://support.f5.com/csp/article/K83504933?utm_source=f5support&utm_medium=RSS,"Wed, 24 Mar 2021 14:30:00 +0000"
https://support.f5.com/csp/article/K44482551?utm_source=f5support&utm_medium=RSS,"Wed, 24 Mar 2021 14:27:00 +0000"
https://support.f5.com/csp/article/K24624116?utm_source=f5support&utm_medium=RSS,"Tue, 23 Mar 2021 16:07:00 +0000"
https://support.f5.com/csp/article/K48187630?utm_source=f5support&utm_medium=RSS,"Thu, 18 Mar 2021 21:28:00 +0000"
https://support.f5.com/csp/article/K00174195?utm_source=f5support&utm_medium=RSS,"Tue, 16 Mar 2021 05:33:00 +0000"
https://support.f5.com/csp/article/K73648110?utm_source=f5support&utm_medium=RSS,"Tue, 16 Mar 2021 05:21:00 +0000"
https://support.f5.com/csp/article/K44945790?utm_source=f5support&utm_medium=RSS,"Thu, 11 Mar 2021 05:34:00 +0000"
https://support.f5.com/csp/article/K68251873?utm_source=f5support&utm_medium=RSS,"Wed, 10 Mar 2021 21:26:00 +0000"
https://support.f5.com/csp/article/K67830124?utm_source=f5support&utm_medium=RSS,"Wed, 10 Mar 2021 19:42:00 +0000"
https://support.f5.com/csp/article/K59333944?utm_source=f5support&utm_medium=RSS,"Wed, 10 Mar 2021 19:35:00 +0000"
https://support.f5.com/csp/article/K27238230?utm_source=f5support&utm_medium=RSS,"Wed, 10 Mar 2021 16:34:00 +0000"
https://support.f5.com/csp/article/K32380005?utm_source=f5support&utm_medium=RSS,"Mon, 08 Mar 2021 16:33:00 +0000"
https://support.f5.com/csp/article/K63525058?utm_source=f5support&utm_medium=RSS,"Thu, 04 Mar 2021 21:43:00 +0000"
https://support.f5.com/csp/article/K61186963?utm_source=f5support&utm_medium=RSS,"Thu, 04 Mar 2021 21:35:00 +0000"
https://support.f5.com/csp/article/K15402727?utm_source=f5support&utm_medium=RSS,"Thu, 04 Mar 2021 21:04:00 +0000"
https://support.f5.com/csp/article/K42355373?utm_source=f5support&utm_medium=RSS,"Wed, 03 Mar 2021 17:46:00 +0000"
https://support.f5.com/csp/article/K04553557?utm_source=f5support&utm_medium=RSS,"Tue, 02 Mar 2021 17:35:00 +0000"
https://support.f5.com/csp/article/K24920320?utm_source=f5support&utm_medium=RSS,"Mon, 01 Mar 2021 03:25:00 +0000"
https://support.f5.com/csp/article/K12183968?utm_source=f5support&utm_medium=RSS,"Fri, 19 Feb 2021 02:07:00 +0000"
https://support.f5.com/csp/article/K20031768?utm_source=f5support&utm_medium=RSS,"Wed, 17 Feb 2021 03:26:00 +0000"
https://support.f5.com/csp/article/K30857274?utm_source=f5support&utm_medium=RSS,"Fri, 12 Feb 2021 09:51:00 +0000"
https://support.f5.com/csp/article/K30340506?utm_source=f5support&utm_medium=RSS,"Fri, 12 Feb 2021 09:32:00 +0000"
https://support.f5.com/csp/article/K62532228?utm_source=f5support&utm_medium=RSS,"Mon, 08 Feb 2021 22:21:00 +0000"
https://support.f5.com/csp/article/K00498403?utm_source=f5support&utm_medium=RSS,"Mon, 08 Feb 2021 17:06:00 +0000"
https://support.f5.com/csp/article/K86488846?utm_source=f5support&utm_medium=RSS,"Mon, 08 Feb 2021 16:28:00 +0000"
https://support.f5.com/csp/article/K84900646?utm_source=f5support&utm_medium=RSS,"Wed, 03 Feb 2021 08:22:00 +0000"
https://support.f5.com/csp/article/K22572754?utm_source=f5support&utm_medium=RSS,"Mon, 25 Jan 2021 23:05:00 +0000"
https://support.f5.com/csp/article/K18684657?utm_source=f5support&utm_medium=RSS,"Thu, 21 Jan 2021 02:24:00 +0000"
https://support.f5.com/csp/article/K28563873?utm_source=f5support&utm_medium=RSS,"Tue, 19 Jan 2021 17:32:00 +0000"
https://support.f5.com/csp/article/K16346064?utm_source=f5support&utm_medium=RSS,"Tue, 19 Jan 2021 08:22:00 +0000"
https://support.f5.com/csp/article/K00866128?utm_source=f5support&utm_medium=RSS,"Tue, 19 Jan 2021 06:07:00 +0000"
https://support.f5.com/csp/article/K01051400?utm_source=f5support&utm_medium=RSS,"Tue, 19 Jan 2021 02:04:00 +0000"
https://support.f5.com/csp/article/K65078159?utm_source=f5support&utm_medium=RSS,"Mon, 18 Jan 2021 06:55:00 +0000"
https://support.f5.com/csp/article/K44834280?utm_source=f5support&utm_medium=RSS,"Wed, 13 Jan 2021 02:39:00 +0000"
https://support.f5.com/csp/article/K02825271?utm_source=f5support&utm_medium=RSS,"Mon, 11 Jan 2021 14:42:00 +0000"
https://support.f5.com/csp/article/K85113405?utm_source=f5support&utm_medium=RSS,"Mon, 11 Jan 2021 14:07:00 +0000"
https://support.f5.com/csp/article/K48641455?utm_source=f5support&utm_medium=RSS,"Wed, 06 Jan 2021 08:31:00 +0000"
https://support.f5.com/csp/article/K53632470?utm_source=f5support&utm_medium=RSS,"Tue, 05 Jan 2021 03:24:00 +0000"
